Frame,Time,Angle,BrailleFlag,PosX,PosY,PosZ,RotX,RotY,RotZ
11,0.300,-46.95,0,46.800,0.395,10.300,0.00,60.04,0.00
12,0.333,-46.96,0,46.800,0.395,10.300,0.00,60.04,0.00
13,0.367,-46.95,0,46.800,0.395,10.300,0.00,60.04,0.00
14,0.400,-46.94,0,46.800,0.395,10.300,0.00,60.04,0.00
15,0.433,-46.94,0,46.800,0.395,10.300,0.00,60.04,0.00
16,0.467,-46.94,0,46.800,0.395,10.300,0.00,60.04,0.00
17,0.500,-46.94,0,46.800,0.395,10.300,0.00,60.04,0.00
18,0.533,-46.94,0,46.786,0.395,10.324,0.00,60.04,0.00
19,0.567,-46.94,0,46.763,0.395,10.364,0.00,60.04,0.00
20,0.600,-46.94,0,46.734,0.395,10.415,0.00,58.93,0.00
21,0.633,-45.83,0,46.699,0.395,10.472,0.00,57.08,0.00
22,0.667,-43.98,0,46.660,0.395,10.533,0.00,54.74,0.00
23,0.700,-41.64,0,46.616,0.395,10.595,0.00,52.06,0.00
24,0.733,-38.96,0,46.568,0.395,10.657,0.00,50.28,0.00
25,0.767,-37.18,0,46.517,0.395,10.719,0.00,49.09,0.00
26,0.800,-35.99,0,46.463,0.395,10.780,0.00,47.18,0.00
27,0.833,-34.08,0,46.408,0.395,10.840,0.00,44.80,0.00
28,0.867,-31.70,0,46.349,0.395,10.898,0.00,43.22,0.00
29,0.900,-30.12,0,46.289,0.395,10.955,0.00,42.16,0.00
30,0.933,-29.06,0,46.228,0.395,11.010,0.00,41.45,0.00
31,0.967,-28.35,0,46.165,0.395,11.065,0.00,40.98,0.00
32,1.000,-27.88,0,46.103,0.395,11.120,0.00,40.67,0.00
33,1.033,-27.57,0,46.040,0.395,11.174,0.00,40.46,0.00
34,1.067,-27.36,0,45.976,0.395,11.228,0.00,40.32,0.00
35,1.100,-27.22,0,45.913,0.395,11.282,0.00,40.23,0.00
36,1.133,-27.13,0,45.849,0.395,11.336,0.00,40.17,0.00
37,1.167,-27.07,0,45.785,0.395,11.389,0.00,40.13,0.00
38,1.200,-27.03,0,45.722,0.395,11.443,0.00,40.10,0.00
39,1.233,-27.00,0,45.658,0.395,11.497,0.00,40.08,0.00
40,1.267,-26.98,0,45.594,0.395,11.550,0.00,40.07,0.00
41,1.300,-26.97,0,45.530,0.395,11.604,0.00,38.95,0.00
42,1.333,-25.85,0,45.466,0.395,11.656,0.00,38.20,0.00
43,1.367,-25.10,0,45.400,0.395,11.708,0.00,37.71,0.00
44,1.400,-24.61,0,45.334,0.395,11.759,0.00,37.37,0.00
45,1.433,-24.27,0,45.268,0.395,11.810,0.00,37.15,0.00
46,1.467,-24.05,0,45.202,0.395,11.860,0.00,35.89,0.00
47,1.500,-22.79,0,45.134,0.395,11.909,0.00,33.94,0.00
48,1.533,-20.84,0,45.065,0.395,11.955,0.00,32.64,0.00
49,1.567,-19.54,0,44.995,0.395,12.000,0.00,31.78,0.00
50,1.600,-18.68,0,44.924,0.395,12.044,0.00,31.20,0.00
51,1.633,-18.10,0,44.853,0.395,12.087,0.00,30.81,0.00
52,1.667,-17.71,0,44.781,0.395,12.130,0.00,30.56,0.00
53,1.700,-17.46,0,44.709,0.395,12.172,0.00,30.39,0.00
54,1.733,-17.29,0,44.637,0.395,12.215,0.00,30.27,0.00
55,1.767,-17.17,0,44.566,0.395,12.257,0.00,30.20,0.00
56,1.800,-17.10,0,44.493,0.395,12.298,0.00,30.15,0.00
57,1.833,-17.05,0,44.421,0.395,12.340,0.00,30.11,0.00
58,1.867,-17.01,0,44.349,0.395,12.382,0.00,30.09,0.00
59,1.900,-16.99,0,44.277,0.395,12.424,0.00,30.07,0.00
60,1.933,-16.97,0,44.205,0.395,12.466,0.00,30.06,0.00
61,1.967,-16.96,0,44.133,0.395,12.507,0.00,30.06,0.00
62,2.000,-16.96,0,44.061,0.395,12.549,0.00,30.05,0.00
63,2.033,-16.95,0,43.989,0.395,12.591,0.00,30.05,0.00
64,2.067,-16.95,0,43.917,0.395,12.633,0.00,30.05,0.00
65,2.100,-16.95,0,43.844,0.395,12.674,0.00,30.05,0.00
66,2.133,-16.95,0,43.772,0.395,12.716,0.00,30.05,0.00
67,2.167,-16.95,0,43.700,0.395,12.758,0.00,30.05,0.00
68,2.200,-16.95,0,43.628,0.395,12.799,0.00,30.05,0.00
69,2.233,-16.95,0,43.556,0.395,12.841,0.00,30.04,0.00
70,2.267,-16.94,0,43.484,0.395,12.883,0.00,30.04,0.00
71,2.300,-16.94,0,43.412,0.395,12.925,0.00,30.04,0.00
72,2.333,-16.94,0,43.340,0.395,12.966,0.00,30.04,0.00
73,2.367,-16.94,0,43.267,0.395,13.008,0.00,30.04,0.00
74,2.400,-16.94,0,43.195,0.395,13.050,0.00,30.04,0.00
75,2.433,-16.94,0,43.123,0.395,13.092,0.00,30.04,0.00
76,2.467,-16.94,0,43.051,0.395,13.133,0.00,30.04,0.00
77,2.500,-16.94,0,42.979,0.395,13.175,0.00,30.04,0.00
78,2.533,-16.94,0,42.907,0.395,13.217,0.00,31.16,0.00
79,2.567,-18.06,0,42.835,0.395,13.260,0.00,33.01,0.00
80,2.600,-19.91,0,42.766,0.395,13.305,0.00,35.35,0.00
81,2.633,-22.25,0,42.698,0.395,13.353,0.00,36.92,0.00
82,2.667,-23.82,0,42.631,0.395,13.403,0.00,37.96,0.00
83,2.700,-24.86,0,42.565,0.395,13.455,0.00,38.65,0.00
84,2.733,-25.55,0,42.500,0.395,13.507,0.00,39.12,0.00
85,2.767,-26.02,0,42.435,0.395,13.559,0.00,39.43,0.00
86,2.800,-26.33,0,42.371,0.395,13.612,0.00,40.74,0.00
87,2.833,-27.64,0,42.308,0.395,13.667,0.00,42.73,0.00
88,2.867,-29.63,0,42.247,0.395,13.723,0.00,45.17,0.00
89,2.900,-32.07,0,42.188,0.395,13.782,0.00,47.91,0.00
90,2.933,-34.81,0,42.132,0.395,13.844,0.00,50.84,0.00
91,2.967,-37.74,0,42.080,0.395,13.909,0.00,53.91,0.00
92,3.000,-40.81,0,42.030,0.395,13.976,0.00,57.06,0.00
93,3.033,-43.97,0,41.985,0.395,14.046,0.00,60.28,0.00
94,3.067,-47.18,0,41.944,0.395,14.118,0.00,62.42,0.00
95,3.100,-49.32,0,41.905,0.395,14.192,0.00,63.85,0.00
96,3.133,-50.75,0,41.869,0.395,14.267,0.00,64.81,0.00
97,3.167,-51.71,0,41.833,0.395,14.343,0.00,65.44,0.00
98,3.200,-52.34,0,41.798,0.395,14.418,0.00,65.86,0.00
99,3.233,-52.76,0,41.764,0.395,14.494,0.00,67.26,0.00
100,3.267,-54.16,0,41.732,0.395,14.571,0.00,69.30,0.00
101,3.300,-56.20,0,41.703,0.395,14.649,0.00,71.77,0.00
102,3.333,-58.67,0,41.677,0.395,14.728,0.00,74.53,0.00
103,3.367,-61.43,0,41.654,0.395,14.809,0.00,77.48,0.00
104,3.400,-64.38,0,41.636,0.395,14.890,0.00,79.44,0.00
105,3.433,-66.34,0,41.621,0.395,14.972,0.00,80.76,0.00
106,3.467,-67.66,0,41.608,0.395,15.054,0.00,81.63,0.00
107,3.500,-68.53,0,41.595,0.395,15.137,0.00,82.21,0.00
108,3.533,-69.11,0,41.584,0.395,15.219,0.00,82.60,0.00
109,3.567,-69.50,0,41.573,0.395,15.302,0.00,82.86,0.00
110,3.600,-69.76,0,41.563,0.395,15.385,0.00,83.03,0.00
111,3.633,-69.93,0,41.553,0.395,15.467,0.00,83.15,0.00
112,3.667,-70.05,0,41.543,0.395,15.550,0.00,83.22,0.00
113,3.700,-70.12,0,41.533,0.395,15.633,0.00,83.28,0.00
114,3.733,-70.18,0,41.523,0.395,15.715,0.00,84.42,0.00
115,3.767,-71.32,0,41.515,0.395,15.798,0.00,86.30,0.00
116,3.800,-73.20,0,41.510,0.395,15.882,0.00,88.66,0.00
117,3.833,-75.56,0,41.508,0.395,15.965,0.00,90.23,0.00
118,3.867,-77.13,0,41.508,0.395,16.048,0.00,91.28,0.00
119,3.900,-78.18,0,41.510,0.395,16.132,0.00,91.98,0.00
120,3.933,-78.88,0,41.513,0.395,16.215,0.00,92.44,0.00
121,3.967,-79.34,0,41.517,0.395,16.298,0.00,92.76,0.00
122,4.000,-79.66,0,41.521,0.395,16.381,0.00,92.96,0.00
123,4.033,-79.86,0,41.525,0.395,16.465,0.00,93.10,0.00
124,4.067,-80.00,0,41.529,0.395,16.548,0.00,93.19,0.00
125,4.100,-80.09,0,41.534,0.395,16.631,0.00,93.25,0.00
126,4.133,-80.15,0,41.539,0.395,16.714,0.00,93.30,0.00
127,4.167,-80.20,0,41.544,0.395,16.797,0.00,93.32,0.00
128,4.200,-80.22,0,41.548,0.395,16.881,0.00,93.34,0.00
129,4.233,-80.24,0,41.553,0.395,16.964,0.00,93.35,0.00
130,4.267,-80.25,0,41.558,0.395,17.047,0.00,93.36,0.00
131,4.300,-80.26,0,41.563,0.395,17.130,0.00,93.37,0.00
132,4.333,-80.27,0,41.568,0.395,17.213,0.00,93.37,0.00
133,4.367,-80.27,0,41.573,0.395,17.296,0.00,94.48,0.00
134,4.400,-81.38,0,41.579,0.395,17.380,0.00,96.34,0.00
135,4.433,-83.24,0,41.589,0.395,17.462,0.00,98.68,0.00
136,4.467,-85.58,0,41.601,0.395,17.545,0.00,101.36,0.00
137,4.500,-88.26,0,41.612,0.395,17.599,0.00,103.14,0.00
138,4.533,-90.04,0,41.621,0.395,17.635,0.00,103.22,0.00
139,4.567,-90.12,0,41.626,0.395,17.659,0.00,102.16,0.00
140,4.600,-89.06,0,41.630,0.395,17.675,0.00,100.35,0.00
141,4.633,-87.25,0,41.632,0.395,17.686,0.00,98.02,0.00
142,4.667,-84.92,0,41.633,0.395,17.693,0.00,95.36,0.00
143,4.700,-82.26,0,41.633,0.395,17.698,0.00,92.48,0.00
144,4.733,-79.38,0,41.633,0.395,17.702,0.00,89.45,0.00
145,4.767,-76.35,0,41.633,0.395,17.704,0.00,86.31,0.00
146,4.800,-73.21,0,41.633,0.395,17.705,0.00,83.11,0.00
147,4.833,-70.01,0,41.633,0.395,17.706,0.00,79.87,0.00
148,4.867,-66.77,0,41.633,0.395,17.707,0.00,76.59,0.00
149,4.900,-63.49,0,41.633,0.395,17.707,0.00,73.30,0.00
150,4.933,-60.20,0,41.633,0.395,17.707,0.00,69.99,0.00
151,4.967,-56.89,0,41.633,0.395,17.708,0.00,66.68,0.00
152,5.000,-53.58,0,41.633,0.395,17.708,0.00,63.35,0.00
153,5.033,-50.25,0,41.620,0.395,17.733,0.00,60.03,0.00
154,5.067,-46.93,0,41.597,0.395,17.773,0.00,56.70,0.00
155,5.100,-43.60,0,41.565,0.395,17.822,0.00,53.37,0.00
156,5.133,-40.27,0,41.525,0.395,17.876,0.00,51.15,0.00
157,5.167,-38.05,0,41.479,0.395,17.932,0.00,49.67,0.00
158,5.200,-36.57,0,41.430,0.395,17.990,0.00,48.68,0.00
159,5.233,-35.58,0,41.378,0.395,18.049,0.00,48.03,0.00
160,5.267,-34.93,0,41.325,0.395,18.108,0.00,47.59,0.00
161,5.300,-34.49,0,41.270,0.395,18.168,0.00,47.30,0.00
162,5.333,-34.20,0,41.215,0.395,18.228,0.00,47.10,0.00
163,5.367,-34.00,0,41.159,0.395,18.289,0.00,46.97,0.00
164,5.400,-33.87,0,41.102,0.395,18.349,0.00,46.88,0.00
165,5.433,-33.78,0,41.045,0.395,18.410,0.00,46.83,0.00
166,5.467,-33.73,0,40.989,0.395,18.470,0.00,46.79,0.00
167,5.500,-33.69,0,40.932,0.395,18.531,0.00,46.76,0.00
168,5.533,-33.66,0,40.875,0.395,18.592,0.00,46.75,0.00
169,5.567,-33.65,0,40.818,0.395,18.652,0.00,46.73,0.00
170,5.600,-33.63,0,40.761,0.395,18.713,0.00,46.73,0.00
171,5.633,-33.63,0,40.703,0.395,18.773,0.00,46.72,0.00
172,5.667,-33.62,0,40.646,0.395,18.834,0.00,46.72,0.00
173,5.700,-33.62,0,40.589,0.395,18.895,0.00,46.72,0.00
174,5.733,-33.62,0,40.532,0.395,18.955,0.00,46.71,0.00
175,5.767,-33.61,0,40.475,0.395,19.016,0.00,46.71,0.00
176,5.800,-33.61,0,40.418,0.395,19.077,0.00,46.71,0.00
177,5.833,-33.61,0,40.361,0.395,19.137,0.00,46.71,0.00
178,5.867,-33.61,0,40.304,0.395,19.198,0.00,46.71,0.00
179,5.900,-33.61,0,40.246,0.395,19.259,0.00,46.71,0.00
180,5.933,-33.61,0,40.189,0.395,19.319,0.00,46.71,0.00
181,5.967,-33.61,0,40.132,0.395,19.380,0.00,46.71,0.00
182,6.000,-33.61,0,40.075,0.395,19.441,0.00,46.71,0.00
183,6.033,-33.61,0,40.018,0.395,19.501,0.00,46.71,0.00
184,6.067,-33.61,0,39.961,0.395,19.562,0.00,47.82,0.00
185,6.100,-34.72,0,39.905,0.395,19.624,0.00,49.67,0.00
186,6.133,-36.57,0,39.851,0.395,19.687,0.00,52.02,0.00
187,6.167,-38.92,0,39.800,0.395,19.753,0.00,54.69,0.00
188,6.200,-41.59,0,39.751,0.395,19.821,0.00,57.59,0.00
189,6.233,-44.49,0,39.707,0.395,19.891,0.00,60.63,0.00
190,6.267,-47.53,0,39.666,0.395,19.964,0.00,63.77,0.00
191,6.300,-50.67,0,39.629,0.395,20.039,0.00,66.97,0.00
192,6.333,-53.87,0,39.596,0.395,20.115,0.00,70.22,0.00
193,6.367,-57.12,0,39.578,0.395,20.168,0.00,72.38,0.00
194,6.400,-59.28,0,39.566,0.395,20.203,0.00,73.83,0.00
195,6.433,-60.73,0,39.560,0.395,20.227,0.00,74.79,0.00
196,6.467,-61.69,0,39.555,0.395,20.243,0.00,75.43,0.00
197,6.500,-62.33,0,39.552,0.395,20.253,0.00,76.97,0.00
198,6.533,-63.87,0,39.551,0.395,20.260,0.00,79.10,0.00
199,6.567,-66.00,0,39.550,0.395,20.265,0.00,81.64,0.00
200,6.600,-68.54,0,39.549,0.395,20.268,0.00,84.44,0.00
201,6.633,-71.34,0,39.549,0.395,20.270,0.00,87.42,0.00
202,6.667,-74.32,0,39.549,0.395,20.272,0.00,90.52,0.00
203,6.700,-77.42,0,39.549,0.395,20.301,0.00,93.69,0.00
204,6.733,-80.59,0,39.552,0.395,20.347,0.00,95.81,0.00
205,6.767,-82.71,0,39.558,0.395,20.406,0.00,97.22,0.00
206,6.800,-84.12,0,39.567,0.395,20.473,0.00,98.16,0.00
207,6.833,-85.06,0,39.577,0.395,20.545,0.00,98.79,0.00
208,6.867,-85.69,0,39.589,0.395,20.620,0.00,99.21,0.00
209,6.900,-86.11,0,39.601,0.395,20.697,0.00,99.49,0.00
210,6.933,-86.39,0,39.610,0.395,20.749,0.00,99.67,0.00
211,6.967,-86.57,0,39.616,0.395,20.784,0.00,99.80,0.00
212,7.000,-86.70,0,39.620,0.395,20.806,0.00,99.88,0.00
213,7.033,-86.78,0,39.618,0.395,20.794,0.00,99.93,0.00
214,7.067,-86.83,0,39.611,0.395,20.759,0.00,99.97,0.00
215,7.100,-86.87,0,39.603,0.395,20.708,0.00,100.00,0.00
216,7.133,-86.90,0,39.592,0.395,20.647,0.00,100.01,0.00
217,7.167,-86.91,0,39.580,0.395,20.578,0.00,100.02,0.00
218,7.200,-86.92,0,39.567,0.395,20.506,0.00,100.03,0.00
219,7.233,-86.93,0,39.553,0.395,20.430,0.00,100.03,0.00
220,7.267,-86.93,0,39.540,0.395,20.352,0.00,100.04,0.00
221,7.300,-86.94,0,39.526,0.395,20.272,0.00,100.04,0.00
222,7.333,-86.94,0,39.511,0.395,20.192,0.00,100.04,0.00
223,7.367,-86.94,0,39.497,0.395,20.111,0.00,100.04,0.00
224,7.400,-86.94,0,39.483,0.395,20.030,0.00,100.04,0.00
225,7.433,-86.94,0,39.468,0.395,19.949,0.00,101.15,0.00
226,7.467,-88.05,0,39.457,0.395,19.894,0.00,103.01,0.00
227,7.500,-89.91,0,39.449,0.395,19.859,0.00,105.35,0.00
228,7.533,-92.25,0,39.443,0.395,19.835,0.00,108.03,0.00
229,7.567,-94.93,0,39.438,0.395,19.819,0.00,110.92,0.00
230,7.600,-97.82,0,39.434,0.395,19.809,0.00,113.96,0.00
231,7.633,-100.86,0,39.431,0.395,19.803,0.00,117.10,0.00
232,7.667,-104.00,0,39.429,0.395,19.798,0.00,120.30,0.00
233,7.700,-107.20,0,39.427,0.395,19.795,0.00,123.55,0.00
234,7.733,-110.45,0,39.426,0.395,19.794,0.00,126.83,0.00
235,7.767,-113.73,0,39.425,0.395,19.792,0.00,130.12,0.00
236,7.800,-117.02,0,39.424,0.395,19.792,0.00,133.43,0.00
237,7.833,-120.33,0,39.424,0.395,19.791,0.00,136.75,0.00
238,7.867,-123.65,0,39.424,0.395,19.791,0.00,140.07,0.00
239,7.900,-126.97,0,39.423,0.395,19.791,0.00,143.39,0.00
240,7.933,-130.29,0,39.423,0.395,19.791,0.00,146.72,0.00
241,7.967,-133.62,0,39.423,0.395,19.791,0.00,150.05,0.00
242,8.000,-136.95,0,39.423,0.395,19.791,0.00,153.38,0.00
243,8.033,-140.28,0,39.423,0.395,19.791,0.00,156.71,0.00
244,8.067,-143.61,0,39.423,0.395,19.791,0.00,160.05,0.00
245,8.100,-146.95,0,39.423,0.395,19.791,0.00,163.38,0.00
246,8.133,-150.28,0,39.423,0.395,19.791,0.00,166.71,0.00
247,8.167,-153.61,0,39.423,0.395,19.791,0.00,170.04,0.00
248,8.200,-156.94,0,39.423,0.395,19.791,0.00,173.38,0.00
249,8.233,-160.28,0,39.423,0.395,19.791,0.00,176.71,0.00
250,8.267,-163.61,0,39.423,0.395,19.791,0.00,180.04,0.00
251,8.300,-166.94,0,39.423,0.395,19.791,0.00,183.38,0.00
252,8.333,-170.28,0,39.423,0.395,19.791,0.00,186.71,0.00
253,8.367,-173.61,0,39.423,0.395,19.791,0.00,190.04,0.00
254,8.400,-176.94,0,39.423,0.395,19.791,0.00,193.38,0.00
255,8.433,179.72,0,39.423,0.395,19.791,0.00,196.71,0.00
256,8.467,176.39,0,39.423,0.395,19.791,0.00,200.04,0.00
257,8.500,173.06,0,39.423,0.395,19.791,0.00,203.38,0.00
258,8.533,169.72,0,39.423,0.395,19.791,0.00,206.71,0.00
259,8.567,166.39,0,39.423,0.395,19.791,0.00,210.04,0.00
260,8.600,163.06,0,39.423,0.395,19.791,0.00,213.38,0.00
261,8.633,159.72,0,39.400,0.395,19.806,0.00,216.71,0.00
262,8.667,156.39,0,39.363,0.395,19.833,0.00,220.04,0.00
263,8.700,153.06,0,39.318,0.395,19.871,0.00,223.38,0.00
264,8.733,149.72,0,39.269,0.395,19.917,0.00,226.71,0.00
265,8.767,146.39,0,39.219,0.395,19.970,0.00,230.04,0.00
266,8.800,143.06,0,39.171,0.395,20.028,0.00,233.38,0.00
267,8.833,139.72,0,39.124,0.395,20.091,0.00,236.71,0.00
268,8.867,136.39,0,39.080,0.395,20.158,0.00,240.04,0.00
269,8.900,133.06,0,39.039,0.395,20.228,0.00,243.38,0.00
270,8.933,129.72,0,39.003,0.395,20.302,0.00,246.71,0.00
271,8.967,126.39,0,38.970,0.395,20.377,0.00,250.04,0.00
272,9.000,123.06,0,38.942,0.395,20.455,0.00,253.38,0.00
273,9.033,119.72,0,38.918,0.395,20.534,0.00,256.71,0.00
274,9.067,116.39,0,38.899,0.395,20.615,0.00,260.04,0.00
275,9.100,113.06,0,38.885,0.395,20.697,0.00,263.38,0.00
276,9.133,109.72,0,38.875,0.395,20.780,0.00,266.71,0.00
277,9.167,106.39,0,38.870,0.395,20.863,0.00,270.04,0.00
278,9.200,103.06,0,38.870,0.395,20.946,0.00,273.38,0.00
279,9.233,99.72,0,38.875,0.395,21.029,0.00,276.71,0.00
280,9.267,96.39,0,38.885,0.395,21.112,0.00,280.04,0.00
281,9.300,93.06,0,38.900,0.395,21.194,0.00,283.38,0.00
282,9.333,89.72,0,38.919,0.395,21.275,0.00,286.71,0.00
283,9.367,86.39,0,38.943,0.395,21.355,0.00,290.04,0.00
284,9.400,83.06,0,38.971,0.395,21.433,0.00,293.38,0.00
285,9.433,79.72,0,39.004,0.395,21.510,0.00,296.71,0.00
286,9.467,76.39,0,39.042,0.395,21.584,0.00,298.93,0.00
287,9.500,74.17,0,39.082,0.395,21.657,0.00,299.30,0.00
288,9.533,73.80,0,39.123,0.395,21.730,0.00,298.44,0.00
289,9.567,74.66,0,39.163,0.395,21.803,0.00,296.75,0.00
290,9.600,76.35,0,39.200,0.395,21.877,0.00,294.52,0.00
291,9.633,78.58,0,39.235,0.395,21.953,0.00,291.91,0.00
292,9.667,81.19,0,39.266,0.395,22.031,0.00,289.07,0.00
293,9.700,84.03,0,39.293,0.395,22.109,0.00,286.06,0.00
294,9.733,87.04,0,39.316,0.395,22.189,0.00,282.94,0.00
295,9.767,90.16,0,39.335,0.395,22.271,0.00,279.76,0.00
296,9.800,93.34,0,39.349,0.395,22.353,0.00,276.52,0.00
297,9.833,96.58,0,39.358,0.395,22.436,0.00,273.25,0.00
298,9.867,99.85,0,39.363,0.395,22.519,0.00,271.07,0.00
299,9.900,102.03,0,39.365,0.395,22.602,0.00,269.62,0.00
300,9.933,103.48,0,39.364,0.395,22.685,0.00,268.65,0.00
301,9.967,104.45,0,39.362,0.395,22.769,0.00,269.11,0.00
302,10.000,103.99,0,39.361,0.395,22.852,0.00,270.53,0.00
303,10.033,102.57,0,39.362,0.395,22.935,0.00,272.59,0.00
304,10.067,100.51,0,39.365,0.395,23.019,0.00,275.08,0.00
305,10.100,98.02,0,39.373,0.395,23.102,0.00,277.84,0.00
306,10.133,95.26,0,39.384,0.395,23.184,0.00,278.58,0.00
307,10.167,94.52,0,39.397,0.395,23.267,0.00,277.96,0.00
308,10.200,95.14,0,39.408,0.395,23.349,0.00,276.43,0.00
309,10.233,96.67,0,39.417,0.395,23.432,0.00,274.30,0.00
310,10.267,98.80,0,39.422,0.395,23.487,0.00,271.77,0.00
311,10.300,101.33,0,39.423,0.395,23.524,0.00,268.97,0.00
312,10.333,104.13,0,39.422,0.395,23.549,0.00,266.00,0.00
313,10.367,107.10,0,39.421,0.395,23.565,0.00,262.90,0.00
314,10.400,110.20,0,39.420,0.395,23.576,0.00,259.73,0.00
315,10.433,113.37,0,39.418,0.395,23.583,0.00,256.50,0.00
316,10.467,116.60,0,39.417,0.395,23.588,0.00,253.24,0.00
317,10.500,119.86,0,39.416,0.395,23.591,0.00,249.95,0.00
318,10.533,123.15,0,39.416,0.395,23.593,0.00,246.65,0.00
319,10.567,126.45,0,39.415,0.395,23.595,0.00,243.34,0.00
320,10.600,129.76,0,39.415,0.395,23.596,0.00,240.02,0.00
321,10.633,133.08,0,39.414,0.395,23.596,0.00,236.69,0.00
322,10.667,136.41,0,39.414,0.395,23.596,0.00,233.37,0.00
323,10.700,139.73,0,39.414,0.395,23.597,0.00,230.04,0.00
324,10.733,143.06,0,39.414,0.395,23.597,0.00,226.71,0.00
325,10.767,146.39,0,39.414,0.395,23.597,0.00,223.37,0.00
326,10.800,149.73,0,39.414,0.395,23.597,0.00,220.04,0.00
327,10.833,153.06,0,39.414,0.395,23.597,0.00,216.71,0.00
328,10.867,156.39,0,39.414,0.395,23.597,0.00,213.38,0.00
329,10.900,159.72,0,39.414,0.395,23.597,0.00,210.04,0.00
330,10.933,163.06,0,39.414,0.395,23.597,0.00,206.71,0.00
331,10.967,166.39,0,39.414,0.395,23.597,0.00,203.38,0.00
332,11.000,169.72,0,39.414,0.395,23.597,0.00,200.04,0.00
333,11.033,173.06,0,39.414,0.395,23.597,0.00,196.71,0.00
334,11.067,176.39,0,39.414,0.395,23.597,0.00,193.38,0.00
335,11.100,179.72,0,39.414,0.395,23.597,0.00,190.04,0.00
336,11.133,-176.94,0,39.414,0.395,23.597,0.00,186.71,0.00
337,11.167,-173.61,0,39.414,0.395,23.597,0.00,183.38,0.00
338,11.200,-170.28,0,39.414,0.395,23.597,0.00,180.04,0.00
339,11.233,-166.94,0,39.414,0.395,23.597,0.00,176.71,0.00
340,11.267,-163.61,0,39.414,0.395,23.597,0.00,173.38,0.00
341,11.300,-160.28,0,39.414,0.395,23.597,0.00,170.04,0.00
342,11.333,-156.94,0,39.414,0.395,23.597,0.00,166.71,0.00
343,11.367,-153.61,0,39.414,0.395,23.597,0.00,163.38,0.00
344,11.400,-150.28,0,39.414,0.395,23.597,0.00,160.04,0.00
345,11.433,-146.94,0,39.414,0.395,23.597,0.00,156.71,0.00
346,11.467,-143.61,0,39.414,0.395,23.597,0.00,153.38,0.00
347,11.500,-140.28,0,39.414,0.395,23.597,0.00,151.16,0.00
348,11.533,-138.06,0,39.414,0.395,23.597,0.00,149.67,0.00
349,11.567,-136.57,0,39.390,0.395,23.583,0.00,148.69,0.00
350,11.600,-135.59,0,39.350,0.395,23.559,0.00,148.03,0.00
351,11.633,-134.93,0,39.300,0.395,23.528,0.00,147.59,0.00
352,11.667,-134.49,0,39.244,0.395,23.492,0.00,147.30,0.00
353,11.700,-134.20,0,39.183,0.395,23.453,0.00,147.10,0.00
354,11.733,-134.00,0,39.119,0.395,23.412,0.00,146.97,0.00
355,11.767,-133.87,0,39.053,0.395,23.369,0.00,146.88,0.00
356,11.800,-133.78,0,38.986,0.395,23.325,0.00,146.83,0.00
357,11.833,-133.73,0,38.942,0.395,23.296,0.00,145.68,0.00
358,11.867,-132.58,0,38.912,0.395,23.276,0.00,143.80,0.00
359,11.900,-130.70,0,38.893,0.395,23.262,0.00,141.44,0.00
360,11.933,-128.34,0,38.881,0.395,23.252,0.00,138.75,0.00
361,11.967,-125.65,0,38.873,0.395,23.245,0.00,135.85,0.00
362,12.000,-122.75,0,38.868,0.395,23.240,0.00,132.80,0.00
363,12.033,-119.70,0,38.864,0.395,23.237,0.00,129.66,0.00
364,12.067,-116.56,0,38.862,0.395,23.234,0.00,126.46,0.00
365,12.100,-113.36,0,38.861,0.395,23.233,0.00,124.32,0.00
366,12.133,-111.22,0,38.860,0.395,23.232,0.00,122.89,0.00
367,12.167,-109.79,0,38.860,0.395,23.231,0.00,121.94,0.00
368,12.200,-108.84,0,38.860,0.395,23.230,0.00,121.31,0.00
369,12.233,-108.21,0,38.874,0.395,23.254,0.00,120.89,0.00
370,12.267,-107.79,0,38.897,0.395,23.293,0.00,120.61,0.00
371,12.300,-107.51,0,38.927,0.395,23.343,0.00,120.42,0.00
372,12.333,-107.32,0,38.961,0.395,23.401,0.00,119.18,0.00
373,12.367,-106.08,0,38.996,0.395,23.464,0.00,117.25,0.00
374,12.400,-104.15,0,39.031,0.395,23.532,0.00,114.85,0.00
375,12.433,-101.75,0,39.064,0.395,23.603,0.00,112.13,0.00
376,12.467,-99.03,0,39.094,0.395,23.677,0.00,110.33,0.00
377,12.500,-97.23,0,39.113,0.395,23.727,0.00,109.12,0.00
378,12.533,-96.02,0,39.124,0.395,23.761,0.00,109.43,0.00
379,12.567,-96.33,0,39.132,0.395,23.783,0.00,110.75,0.00
380,12.600,-97.65,0,39.138,0.395,23.798,0.00,112.73,0.00
381,12.633,-99.63,0,39.142,0.395,23.807,0.00,115.17,0.00
382,12.667,-102.07,0,39.145,0.395,23.814,0.00,117.91,0.00
383,12.700,-104.81,0,39.147,0.395,23.818,0.00,120.84,0.00
384,12.733,-107.74,0,39.149,0.395,23.821,0.00,123.91,0.00
385,12.767,-110.81,0,39.165,0.395,23.845,0.00,127.07,0.00
386,12.800,-113.97,0,39.194,0.395,23.884,0.00,130.28,0.00
387,12.833,-117.18,0,39.233,0.395,23.929,0.00,133.54,0.00
388,12.867,-120.44,0,39.279,0.395,23.978,0.00,136.82,0.00
389,12.900,-123.72,0,39.332,0.395,24.028,0.00,140.11,0.00
390,12.933,-127.01,0,39.391,0.395,24.077,0.00,143.42,0.00
391,12.967,-130.32,0,39.454,0.395,24.123,0.00,146.74,0.00
392,13.000,-133.64,0,39.521,0.395,24.167,0.00,148.95,0.00
393,13.033,-135.85,0,39.591,0.395,24.209,0.00,150.43,0.00
394,13.067,-137.33,0,39.662,0.395,24.250,0.00,151.41,0.00
395,13.100,-138.31,0,39.734,0.395,24.289,0.00,152.07,0.00
396,13.133,-138.97,0,39.807,0.395,24.328,0.00,152.50,0.00
397,13.167,-139.40,0,39.881,0.395,24.366,0.00,152.80,0.00
398,13.200,-139.70,0,39.955,0.395,24.404,0.00,152.99,0.00
399,13.233,-139.89,0,40.029,0.395,24.442,0.00,153.12,0.00
400,13.267,-140.02,0,40.103,0.395,24.480,0.00,153.21,0.00
401,13.300,-140.11,0,40.177,0.395,24.517,0.00,153.26,0.00
402,13.333,-140.16,0,40.252,0.395,24.555,0.00,153.30,0.00
403,13.367,-140.20,0,40.326,0.395,24.592,0.00,153.33,0.00
404,13.400,-140.23,0,40.401,0.395,24.629,0.00,153.34,0.00
405,13.433,-140.24,0,40.475,0.395,24.667,0.00,153.35,0.00
406,13.467,-140.25,0,40.549,0.395,24.704,0.00,153.36,0.00
407,13.500,-140.26,0,40.624,0.395,24.742,0.00,153.37,0.00
408,13.533,-140.27,0,40.698,0.395,24.779,0.00,153.37,0.00
409,13.567,-140.27,0,40.773,0.395,24.816,0.00,153.37,0.00
410,13.600,-140.27,0,40.847,0.395,24.854,0.00,153.37,0.00
411,13.633,-140.27,0,40.922,0.395,24.891,0.00,153.38,0.00
412,13.667,-140.28,0,40.996,0.395,24.928,0.00,153.38,0.00
413,13.700,-140.28,0,41.071,0.395,24.966,0.00,153.38,0.00
414,13.733,-140.28,0,41.145,0.395,25.003,0.00,153.38,0.00
415,13.767,-140.28,0,41.220,0.395,25.040,0.00,153.38,0.00
416,13.800,-140.28,0,41.294,0.395,25.078,0.00,153.38,0.00
417,13.833,-140.28,0,41.369,0.395,25.115,0.00,152.27,0.00
418,13.867,-139.17,0,41.443,0.395,25.154,0.00,150.41,0.00
419,13.900,-137.31,0,41.515,0.395,25.195,0.00,148.07,0.00
420,13.933,-134.97,0,41.586,0.395,25.239,0.00,145.39,0.00
421,13.967,-132.29,0,41.654,0.395,25.286,0.00,142.50,0.00
422,14.000,-129.40,0,41.721,0.395,25.337,0.00,139.46,0.00
423,14.033,-126.36,0,41.784,0.395,25.391,0.00,136.32,0.00
424,14.067,-123.22,0,41.844,0.395,25.449,0.00,134.23,0.00
425,14.100,-121.13,0,41.902,0.395,25.508,0.00,132.83,0.00
426,14.133,-119.73,0,41.959,0.395,25.570,0.00,131.90,0.00
427,14.167,-118.80,0,42.015,0.395,25.632,0.00,131.28,0.00
428,14.200,-118.18,0,42.070,0.395,25.694,0.00,130.87,0.00
429,14.233,-117.77,0,42.124,0.395,25.757,0.00,129.48,0.00
430,14.267,-116.38,0,42.177,0.395,25.822,0.00,127.45,0.00
431,14.300,-114.35,0,42.228,0.395,25.888,0.00,124.98,0.00
432,14.333,-111.88,0,42.276,0.395,25.956,0.00,122.22,0.00
433,14.367,-109.12,0,42.320,0.395,26.026,0.00,119.28,0.00
434,14.400,-106.18,0,42.361,0.395,26.099,0.00,116.20,0.00
435,14.433,-103.10,0,42.397,0.395,26.174,0.00,113.04,0.00
436,14.467,-99.94,0,42.430,0.395,26.251,0.00,109.82,0.00
437,14.500,-96.72,0,42.458,0.395,26.329,0.00,107.67,0.00
438,14.533,-94.57,0,42.484,0.395,26.408,0.00,106.24,0.00
439,14.567,-93.14,0,42.507,0.395,26.488,0.00,105.29,0.00
440,14.600,-92.19,0,42.529,0.395,26.569,0.00,104.65,0.00
441,14.633,-91.55,0,42.550,0.395,26.649,0.00,104.23,0.00
442,14.667,-91.13,0,42.570,0.395,26.730,0.00,103.94,0.00
443,14.700,-90.84,0,42.591,0.395,26.811,0.00,102.64,0.00
444,14.733,-89.54,0,42.609,0.395,26.892,0.00,100.67,0.00
445,14.767,-87.57,0,42.624,0.395,26.974,0.00,98.24,0.00
446,14.800,-85.14,0,42.636,0.395,27.057,0.00,95.51,0.00
447,14.833,-82.41,0,42.644,0.395,27.140,0.00,92.57,0.00
448,14.867,-79.47,0,42.648,0.395,27.223,0.00,89.51,0.00
449,14.900,-76.41,0,42.647,0.395,27.306,0.00,87.46,0.00
450,14.933,-74.37,0,42.644,0.395,27.390,0.00,86.10,0.00
451,14.967,-73.00,0,42.638,0.395,27.473,0.00,85.19,0.00
452,15.000,-72.09,0,42.631,0.395,27.556,0.00,84.59,0.00
453,15.033,-71.49,0,42.623,0.395,27.639,0.00,84.18,0.00
454,15.067,-71.09,0,42.615,0.395,27.722,0.00,83.92,0.00
455,15.100,-70.82,0,42.606,0.395,27.804,0.00,83.74,0.00
456,15.133,-70.64,0,42.597,0.395,27.887,0.00,83.62,0.00
457,15.167,-70.52,0,42.587,0.395,27.970,0.00,83.54,0.00
458,15.200,-70.44,0,42.578,0.395,28.053,0.00,83.48,0.00
459,15.233,-70.38,0,42.569,0.395,28.136,0.00,83.45,0.00
460,15.267,-70.35,0,42.559,0.395,28.219,0.00,83.42,0.00
461,15.300,-70.33,0,42.549,0.395,28.301,0.00,83.41,0.00
462,15.333,-70.31,0,42.540,0.395,28.384,0.00,83.40,0.00
463,15.367,-70.30,0,42.530,0.395,28.467,0.00,83.39,0.00
464,15.400,-70.29,0,42.521,0.395,28.550,0.00,83.39,0.00
465,15.433,-70.29,0,42.511,0.395,28.632,0.00,83.38,0.00
466,15.467,-70.28,0,42.502,0.395,28.715,0.00,83.38,0.00
467,15.500,-70.28,0,42.492,0.395,28.798,0.00,83.38,0.00
468,15.533,-70.28,0,42.482,0.395,28.881,0.00,83.38,0.00
469,15.567,-70.28,0,42.473,0.395,28.964,0.00,83.38,0.00
470,15.600,-70.28,0,42.463,0.395,29.046,0.00,83.38,0.00
471,15.633,-70.28,0,42.454,0.395,29.129,0.00,83.38,0.00
472,15.667,-70.28,0,42.444,0.395,29.212,0.00,82.27,0.00
473,15.700,-69.17,0,42.433,0.395,29.294,0.00,80.41,0.00
474,15.733,-67.32,0,42.419,0.395,29.377,0.00,78.07,0.00
475,15.767,-64.97,0,42.402,0.395,29.458,0.00,75.39,0.00
476,15.800,-62.29,0,42.381,0.395,29.539,0.00,72.50,0.00
477,15.833,-59.40,0,42.364,0.395,29.592,0.00,69.46,0.00
478,15.867,-56.36,0,42.351,0.395,29.626,0.00,66.32,0.00
479,15.900,-53.22,0,42.341,0.395,29.649,0.00,63.12,0.00
480,15.933,-50.02,0,42.334,0.395,29.664,0.00,59.87,0.00
481,15.967,-46.77,0,42.328,0.395,29.673,0.00,56.60,0.00
482,16.000,-43.50,0,42.324,0.395,29.679,0.00,53.30,0.00
483,16.033,-40.20,0,42.321,0.395,29.683,0.00,49.99,0.00
484,16.067,-36.89,0,42.319,0.395,29.686,0.00,46.68,0.00
485,16.100,-33.58,0,42.317,0.395,29.687,0.00,43.35,0.00
486,16.133,-30.26,0,42.316,0.395,29.688,0.00,40.03,0.00
487,16.167,-26.93,0,42.316,0.395,29.689,0.00,36.70,0.00
488,16.200,-23.60,0,42.315,0.395,29.689,0.00,33.37,0.00
489,16.233,-20.27,0,42.338,0.395,29.674,0.00,30.04,0.00
490,16.267,-16.94,0,42.378,0.395,29.651,0.00,26.71,0.00
491,16.300,-13.61,0,42.430,0.395,29.625,0.00,23.38,0.00
492,16.333,-10.28,0,42.491,0.395,29.599,0.00,20.04,0.00
493,16.367,-6.94,0,42.559,0.395,29.574,0.00,16.71,0.00
494,16.400,-3.61,0,42.632,0.395,29.552,0.00,13.38,0.00
495,16.433,-0.28,0,42.708,0.395,29.534,0.00,10.04,0.00
496,16.467,3.06,0,42.787,0.395,29.520,0.00,6.71,0.00
497,16.500,6.39,0,42.868,0.395,29.510,0.00,3.38,0.00
498,16.533,9.72,0,42.949,0.395,29.505,0.00,0.04,0.00
499,16.567,13.06,0,43.032,0.395,29.505,0.00,356.71,0.00
500,16.600,16.39,0,43.114,0.395,29.510,0.00,353.38,0.00
501,16.633,19.72,0,43.197,0.395,29.520,0.00,350.04,0.00
502,16.667,23.06,0,43.278,0.395,29.534,0.00,346.71,0.00
503,16.700,26.39,0,43.359,0.395,29.553,0.00,343.38,0.00
504,16.733,29.72,0,43.439,0.395,29.577,0.00,340.04,0.00
505,16.767,33.06,0,43.517,0.395,29.605,0.00,336.71,0.00
506,16.800,36.39,0,43.594,0.395,29.638,0.00,333.38,0.00
507,16.833,39.72,0,43.668,0.395,29.676,0.00,330.04,0.00
508,16.867,43.06,0,43.741,0.395,29.717,0.00,326.71,0.00
509,16.900,46.39,0,43.810,0.395,29.763,0.00,323.38,0.00
510,16.933,49.72,0,43.877,0.395,29.813,0.00,320.04,0.00
511,16.967,53.06,0,43.941,0.395,29.866,0.00,316.71,0.00
512,17.000,56.39,0,44.002,0.395,29.923,0.00,313.38,0.00
513,17.033,59.72,0,44.059,0.395,29.984,0.00,310.04,0.00
514,17.067,63.06,0,44.112,0.395,30.048,0.00,306.71,0.00
515,17.100,66.39,0,44.162,0.395,30.115,0.00,304.49,0.00
516,17.133,68.61,0,44.194,0.395,30.160,0.00,303.01,0.00
517,17.167,70.09,0,44.214,0.395,30.191,0.00,302.02,0.00
518,17.200,71.08,0,44.227,0.395,30.212,0.00,301.36,0.00
519,17.233,71.74,0,44.236,0.395,30.226,0.00,302.03,0.00
520,17.267,71.07,0,44.241,0.395,30.236,0.00,303.59,0.00
521,17.300,69.51,0,44.245,0.395,30.242,0.00,305.74,0.00
522,17.333,67.36,0,44.248,0.395,30.246,0.00,308.29,0.00
523,17.367,64.81,0,44.250,0.395,30.248,0.00,311.10,0.00
524,17.400,62.00,0,44.233,0.395,30.229,0.00,314.08,0.00
525,17.433,59.02,0,44.202,0.395,30.197,0.00,317.18,0.00
526,17.467,55.92,0,44.160,0.395,30.158,0.00,320.36,0.00
527,17.500,52.74,0,44.109,0.395,30.115,0.00,323.59,0.00
528,17.533,49.51,0,44.051,0.395,30.073,0.00,326.85,0.00
529,17.567,46.25,0,43.988,0.395,30.031,0.00,330.14,0.00
530,17.600,42.96,0,43.920,0.395,29.992,0.00,333.44,0.00
531,17.633,39.66,0,43.848,0.395,29.956,0.00,336.75,0.00
532,17.667,36.35,0,43.774,0.395,29.924,0.00,340.07,0.00
533,17.700,33.03,0,43.697,0.395,29.897,0.00,343.40,0.00
534,17.733,29.70,0,43.618,0.395,29.873,0.00,346.72,0.00
535,17.767,26.38,0,43.537,0.395,29.854,0.00,350.05,0.00
536,17.800,23.05,0,43.456,0.395,29.840,0.00,353.38,0.00
537,17.833,19.72,0,43.373,0.395,29.830,0.00,356.71,0.00
538,17.867,16.39,0,43.290,0.395,29.825,0.00,0.05,0.00
539,17.900,13.05,0,43.207,0.395,29.825,0.00,3.38,0.00
540,17.933,9.72,0,43.124,0.395,29.830,0.00,6.71,0.00
541,17.967,6.39,0,43.041,0.395,29.840,0.00,10.04,0.00
542,18.000,3.05,0,42.987,0.395,29.850,0.00,13.38,0.00
543,18.033,-0.28,0,42.951,0.395,29.858,0.00,16.71,0.00
544,18.067,-3.61,0,42.927,0.395,29.865,0.00,20.04,0.00
545,18.100,-6.94,0,42.912,0.395,29.871,0.00,23.38,0.00
546,18.133,-10.28,0,42.901,0.395,29.875,0.00,26.71,0.00
547,18.167,-13.61,0,42.895,0.395,29.879,0.00,30.04,0.00
548,18.200,-16.94,0,42.891,0.395,29.881,0.00,33.38,0.00
549,18.233,-20.28,0,42.888,0.395,29.883,0.00,36.71,0.00
550,18.267,-23.61,0,42.886,0.395,29.884,0.00,40.04,0.00
551,18.300,-26.94,0,42.864,0.395,29.903,0.00,43.38,0.00
552,18.333,-30.28,0,42.830,0.395,29.935,0.00,46.71,0.00
553,18.367,-33.61,0,42.789,0.395,29.979,0.00,50.04,0.00
554,18.400,-36.94,0,42.746,0.395,30.030,0.00,53.38,0.00
555,18.433,-40.28,0,42.702,0.395,30.089,0.00,55.60,0.00
556,18.467,-42.50,0,42.659,0.395,30.151,0.00,57.08,0.00
557,18.500,-43.98,0,42.617,0.395,30.217,0.00,58.07,0.00
558,18.533,-44.97,0,42.574,0.395,30.285,0.00,58.73,0.00
559,18.567,-45.63,0,42.532,0.395,30.355,0.00,59.17,0.00
560,18.600,-46.07,0,42.490,0.395,30.425,0.00,59.46,0.00
561,18.633,-46.36,0,42.448,0.395,30.496,0.00,59.65,0.00
562,18.667,-46.55,0,42.406,0.395,30.568,0.00,59.78,0.00
563,18.700,-46.68,0,42.365,0.395,30.639,0.00,59.87,0.00
564,18.733,-46.77,0,42.323,0.395,30.711,0.00,59.93,0.00
565,18.767,-46.83,0,42.281,0.395,30.783,0.00,59.97,0.00
566,18.800,-46.87,0,42.240,0.395,30.855,0.00,59.99,0.00
567,18.833,-46.89,0,42.198,0.395,30.927,0.00,60.01,0.00
568,18.867,-46.91,0,42.156,0.395,30.999,0.00,60.02,0.00
569,18.900,-46.92,0,42.115,0.395,31.071,0.00,60.03,0.00
570,18.933,-46.93,0,42.073,0.395,31.144,0.00,60.03,0.00
571,18.967,-46.93,0,42.032,0.395,31.216,0.00,60.04,0.00
572,19.000,-46.94,0,41.990,0.395,31.288,0.00,60.04,0.00
573,19.033,-46.94,0,41.948,0.395,31.360,0.00,60.04,0.00
574,19.067,-46.94,0,41.907,0.395,31.432,0.00,60.04,0.00
575,19.100,-46.94,0,41.865,0.395,31.504,0.00,60.04,0.00
576,19.133,-46.94,0,41.823,0.395,31.577,0.00,60.04,0.00
577,19.167,-46.94,0,41.782,0.395,31.649,0.00,60.04,0.00
578,19.200,-46.94,0,41.740,0.395,31.721,0.00,60.04,0.00
579,19.233,-46.94,0,41.699,0.395,31.793,0.00,60.04,0.00
580,19.267,-46.94,0,41.657,0.395,31.865,0.00,60.04,0.00
581,19.300,-46.94,0,41.615,0.395,31.938,0.00,60.04,0.00
582,19.333,-46.94,0,41.574,0.395,32.010,0.00,60.04,0.00
583,19.367,-46.94,0,41.532,0.395,32.082,0.00,60.04,0.00
584,19.400,-46.94,0,41.491,0.395,32.154,0.00,60.04,0.00
585,19.433,-46.94,0,41.449,0.395,32.226,0.00,60.04,0.00
586,19.467,-46.94,0,41.407,0.395,32.299,0.00,60.04,0.00
587,19.500,-46.94,0,41.366,0.395,32.371,0.00,60.04,0.00
588,19.533,-46.94,0,41.324,0.395,32.443,0.00,60.04,0.00
589,19.567,-46.94,0,41.283,0.395,32.515,0.00,60.04,0.00
590,19.600,-46.94,0,41.241,0.395,32.587,0.00,60.04,0.00
591,19.633,-46.94,0,41.199,0.395,32.660,0.00,60.04,0.00
592,19.667,-46.94,0,41.158,0.395,32.732,0.00,60.04,0.00
593,19.700,-46.94,0,41.116,0.395,32.804,0.00,58.93,0.00
594,19.733,-45.83,0,41.073,0.395,32.875,0.00,57.08,0.00
595,19.767,-43.98,0,41.028,0.395,32.945,0.00,54.74,0.00
596,19.800,-41.64,0,40.980,0.395,33.013,0.00,52.06,0.00
597,19.833,-38.96,0,40.928,0.395,33.079,0.00,49.17,0.00
598,19.867,-36.07,0,40.874,0.395,33.142,0.00,46.13,0.00
599,19.900,-33.03,0,40.816,0.395,33.202,0.00,42.99,0.00
600,19.933,-29.89,0,40.776,0.395,33.240,0.00,39.78,0.00
601,19.967,-26.68,0,40.747,0.395,33.264,0.00,36.54,0.00
602,20.000,-23.44,0,40.727,0.395,33.279,0.00,33.26,0.00
603,20.033,-20.16,0,40.714,0.395,33.288,0.00,29.97,0.00
604,20.067,-16.87,0,40.704,0.395,33.293,0.00,26.66,0.00
605,20.100,-13.56,0,40.697,0.395,33.296,0.00,23.34,0.00
606,20.133,-10.24,0,40.693,0.395,33.298,0.00,20.02,0.00
607,20.167,-6.92,0,40.690,0.395,33.299,0.00,16.70,0.00
608,20.200,-3.60,0,40.688,0.395,33.300,0.00,13.37,0.00
609,20.233,-0.27,0,40.713,0.395,33.294,0.00,10.04,0.00
610,20.267,3.06,0,40.758,0.395,33.286,0.00,6.71,0.00
611,20.300,6.39,0,40.816,0.395,33.279,0.00,3.37,0.00
612,20.333,9.73,0,40.882,0.395,33.275,0.00,0.04,0.00
613,20.367,13.06,0,40.954,0.395,33.275,0.00,356.71,0.00
614,20.400,16.39,0,41.030,0.395,33.280,0.00,353.38,0.00
615,20.433,19.72,0,41.108,0.395,33.289,0.00,350.04,0.00
616,20.467,23.06,0,41.186,0.395,33.303,0.00,346.71,0.00
617,20.500,26.39,0,41.265,0.395,33.321,0.00,343.38,0.00
618,20.533,29.72,0,41.344,0.395,33.345,0.00,340.04,0.00
619,20.567,33.06,0,41.421,0.395,33.373,0.00,336.71,0.00
620,20.600,36.39,0,41.497,0.395,33.405,0.00,333.38,0.00
621,20.633,39.72,0,41.571,0.395,33.443,0.00,330.04,0.00
622,20.667,43.06,0,41.643,0.395,33.484,0.00,326.71,0.00
623,20.700,46.39,0,41.713,0.395,33.530,0.00,323.38,0.00
624,20.733,49.72,0,41.779,0.395,33.579,0.00,320.04,0.00
625,20.767,53.06,0,41.843,0.395,33.633,0.00,316.71,0.00
626,20.800,56.39,0,41.904,0.395,33.690,0.00,313.38,0.00
627,20.833,59.72,0,41.961,0.395,33.750,0.00,310.04,0.00
628,20.867,63.06,0,42.015,0.395,33.814,0.00,306.71,0.00
629,20.900,66.39,0,42.064,0.395,33.881,0.00,303.38,0.00
630,20.933,69.72,0,42.110,0.395,33.951,0.00,300.04,0.00
631,20.967,73.06,0,42.152,0.395,34.023,0.00,296.71,0.00
632,21.000,76.39,0,42.177,0.395,34.072,0.00,294.49,0.00
633,21.033,78.61,0,42.181,0.395,34.081,0.00,293.01,0.00
634,21.067,80.09,0,42.172,0.395,34.061,0.00,292.02,0.00
635,21.100,81.08,0,42.157,0.395,34.022,0.00,291.36,0.00
636,21.133,81.74,0,42.136,0.395,33.970,0.00,290.92,0.00
637,21.167,82.18,0,42.113,0.395,33.909,0.00,290.63,0.00
638,21.200,82.47,0,42.088,0.395,33.842,0.00,290.43,0.00
639,21.233,82.67,0,42.062,0.395,33.772,0.00,290.30,0.00
640,21.267,82.80,0,42.035,0.395,33.699,0.00,290.22,0.00
641,21.300,82.88,0,42.007,0.395,33.624,0.00,290.16,0.00
642,21.333,82.94,0,41.979,0.395,33.548,0.00,291.23,0.00
643,21.367,81.87,0,41.950,0.395,33.472,0.00,293.06,0.00
644,21.400,80.04,0,41.917,0.395,33.396,0.00,294.28,0.00
645,21.433,78.82,0,41.883,0.395,33.321,0.00,295.09,0.00
646,21.467,78.01,0,41.848,0.395,33.246,0.00,295.63,0.00
647,21.500,77.47,0,41.812,0.395,33.171,0.00,295.99,0.00
648,21.533,77.11,0,41.776,0.395,33.096,0.00,296.23,0.00
649,21.567,76.87,0,41.739,0.395,33.022,0.00,296.39,0.00
650,21.600,76.71,0,41.702,0.395,32.947,0.00,296.50,0.00
651,21.633,76.60,0,41.665,0.395,32.872,0.00,296.57,0.00
652,21.667,76.53,0,41.628,0.395,32.798,0.00,296.62,0.00
653,21.700,76.48,0,41.590,0.395,32.724,0.00,296.65,0.00
654,21.733,76.45,0,41.553,0.395,32.649,0.00,296.67,0.00
655,21.767,76.43,0,41.516,0.395,32.575,0.00,296.68,0.00
656,21.800,76.42,0,41.478,0.395,32.500,0.00,296.69,0.00
657,21.833,76.41,0,41.441,0.395,32.426,0.00,296.70,0.00
658,21.867,76.40,0,41.403,0.395,32.351,0.00,295.59,0.00
659,21.900,77.51,0,41.367,0.395,32.276,0.00,293.74,0.00
660,21.933,79.36,0,41.334,0.395,32.200,0.00,292.51,0.00
661,21.967,80.59,0,41.302,0.395,32.123,0.00,291.69,0.00
662,22.000,81.41,0,41.271,0.395,32.045,0.00,291.14,0.00
663,22.033,81.96,0,41.241,0.395,31.968,0.00,290.77,0.00
664,22.067,82.32,0,41.212,0.395,31.890,0.00,290.53,0.00
665,22.100,82.57,0,41.182,0.395,31.812,0.00,290.37,0.00
666,22.133,82.73,0,41.153,0.395,31.734,0.00,290.26,0.00
667,22.167,82.84,0,41.124,0.395,31.655,0.00,290.19,0.00
668,22.200,82.91,0,41.096,0.395,31.577,0.00,290.14,0.00
669,22.233,82.96,0,41.067,0.395,31.499,0.00,290.11,0.00
670,22.267,82.99,0,41.038,0.395,31.421,0.00,290.09,0.00
671,22.300,83.01,0,41.010,0.395,31.342,0.00,290.07,0.00
672,22.333,83.03,0,40.981,0.395,31.264,0.00,290.06,0.00
673,22.367,83.04,0,40.953,0.395,31.186,0.00,290.06,0.00
674,22.400,83.04,0,40.924,0.395,31.108,0.00,290.05,0.00
675,22.433,83.05,0,40.895,0.395,31.029,0.00,290.05,0.00
676,22.467,83.05,0,40.867,0.395,30.951,0.00,290.05,0.00
677,22.500,83.05,0,40.838,0.395,30.873,0.00,290.05,0.00
678,22.533,83.05,0,40.819,0.395,30.821,0.00,290.05,0.00
679,22.567,83.05,0,40.807,0.395,30.786,0.00,290.05,0.00
680,22.600,83.05,0,40.798,0.395,30.763,0.00,290.04,0.00
681,22.633,83.05,0,40.792,0.395,30.747,0.00,290.04,0.00
682,22.667,83.05,0,40.789,0.395,30.737,0.00,290.04,0.00
683,22.700,83.06,0,40.786,0.395,30.730,0.00,290.04,0.00
684,22.733,83.06,0,40.794,0.395,30.751,0.00,290.04,0.00
685,22.767,83.06,0,40.809,0.395,30.792,0.00,290.04,0.00
686,22.800,83.06,0,40.828,0.395,30.845,0.00,290.04,0.00
687,22.833,83.06,0,40.851,0.395,30.906,0.00,290.04,0.00
688,22.867,83.06,0,40.875,0.395,30.973,0.00,290.04,0.00
689,22.900,83.06,0,40.901,0.395,31.044,0.00,290.04,0.00
690,22.933,83.06,0,40.928,0.395,31.118,0.00,290.04,0.00
691,22.967,83.05,0,40.955,0.395,31.193,0.00,290.04,0.00
692,23.000,83.06,0,40.983,0.395,31.269,0.00,290.04,0.00
693,23.033,83.06,0,41.011,0.395,31.345,0.00,290.04,0.00
694,23.067,83.06,0,41.039,0.395,31.423,0.00,290.04,0.00
695,23.100,83.06,0,41.067,0.395,31.500,0.00,291.16,0.00
696,23.133,81.94,0,41.087,0.395,31.552,0.00,293.01,0.00
697,23.167,80.09,0,41.101,0.395,31.586,0.00,295.35,0.00
698,23.200,77.75,0,41.112,0.395,31.608,0.00,298.03,0.00
699,23.233,75.07,0,41.107,0.395,31.598,0.00,300.92,0.00
700,23.267,72.18,0,41.088,0.395,31.567,0.00,302.85,0.00
701,23.300,70.25,0,41.060,0.395,31.524,0.00,304.14,0.00
702,23.333,68.96,0,41.026,0.395,31.473,0.00,305.00,0.00
703,23.367,68.10,0,40.986,0.395,31.416,0.00,305.57,0.00
704,23.400,67.53,0,40.943,0.395,31.356,0.00,305.95,0.00
705,23.433,67.15,0,40.898,0.395,31.294,0.00,306.20,0.00
706,23.467,66.90,0,40.851,0.395,31.230,0.00,306.37,0.00
707,23.500,66.73,0,40.803,0.395,31.165,0.00,306.49,0.00
708,23.533,66.61,0,40.755,0.395,31.099,0.00,306.56,0.00
709,23.567,66.54,0,40.706,0.395,31.033,0.00,306.61,0.00
710,23.600,66.49,0,40.657,0.395,30.967,0.00,306.64,0.00
711,23.633,66.46,0,40.607,0.395,30.901,0.00,306.67,0.00
712,23.667,66.43,0,40.558,0.395,30.834,0.00,306.68,0.00
713,23.700,66.42,0,40.508,0.395,30.768,0.00,306.69,0.00
714,23.733,66.41,0,40.459,0.395,30.701,0.00,306.70,0.00
715,23.767,66.40,0,40.409,0.395,30.634,0.00,306.70,0.00
716,23.800,66.40,0,40.359,0.395,30.567,0.00,306.71,0.00
717,23.833,66.39,0,40.309,0.395,30.501,0.00,306.71,0.00
718,23.867,66.39,0,40.259,0.395,30.434,0.00,306.71,0.00
719,23.900,66.39,0,40.210,0.395,30.367,0.00,306.71,0.00
720,23.933,66.39,0,40.160,0.395,30.300,0.00,305.60,0.00
721,23.967,67.50,0,40.111,0.395,30.233,0.00,303.75,0.00
722,24.000,69.35,0,40.065,0.395,30.163,0.00,301.40,0.00
723,24.033,71.70,0,40.022,0.395,30.092,0.00,299.84,0.00
724,24.067,73.26,0,39.980,0.395,30.020,0.00,298.80,0.00
725,24.100,74.30,0,39.940,0.395,29.947,0.00,298.10,0.00
726,24.133,75.00,0,39.901,0.395,29.873,0.00,297.64,0.00
727,24.167,75.46,0,39.862,0.395,29.800,0.00,297.33,0.00
728,24.200,75.77,0,39.824,0.395,29.726,0.00,297.12,0.00
729,24.233,75.98,0,39.786,0.395,29.651,0.00,296.99,0.00
730,24.267,76.11,0,39.748,0.395,29.577,0.00,295.78,0.00
731,24.300,77.32,0,39.712,0.395,29.502,0.00,293.87,0.00
732,24.333,79.23,0,39.678,0.395,29.426,0.00,292.59,0.00
733,24.367,80.51,0,39.646,0.395,29.349,0.00,291.74,0.00
734,24.400,81.36,0,39.615,0.395,29.271,0.00,291.18,0.00
735,24.433,81.92,0,39.585,0.395,29.194,0.00,290.80,0.00
736,24.467,82.30,0,39.556,0.395,29.116,0.00,290.55,0.00
737,24.500,82.55,0,39.526,0.395,29.038,0.00,290.38,0.00
738,24.533,82.72,0,39.497,0.395,28.960,0.00,290.27,0.00
739,24.567,82.83,0,39.468,0.395,28.882,0.00,290.19,0.00
740,24.600,82.91,0,39.440,0.395,28.803,0.00,290.14,0.00
741,24.633,82.96,0,39.421,0.395,28.751,0.00,290.11,0.00
